cliente_id,edad,genero,monto_compra,metodo_pago,visitas_mensuales,fecha_registro
1,40.0,Otro,125.64,Efectivo,4,2022-06-17
2,34.0,Masculino,49.26,Transferencia,7,2023-07-30
3,41.0,Otro,132.93,Efectivo,8,2023-05-31
4,50.0,Masculino,114.1,Transferencia,11,2022-12-12
5,33.0,Otro,101.36,Efectivo,9,2023-03-18
6,33.0,Otro,56.21,Tarjeta,8,2023-03-01
7,51.0,Femenino,140.54,Transferencia,7,2023-08-10
8,43.0,Masculino,98.69,Transferencia,6,2024-02-28
9,30.0,Femenino,73.2,Efectivo,5,2022-12-15
10,40.0,Masculino,5.11,Efectivo,9,2023-09-06
11,110.0,Otro,118.9,Transferencia,6,2023-03-15
12,30.0,Otro,190.89,Efectivo,5,2022-05-09
13,37.0,Masculino,186.45,Tarjeta,3,2024-09-03
14,16.0,Femenino,101.72,Efectivo,11,2022-05-18
15,18.0,Femenino,95.91,Tarjeta,8,2023-11-24
16,29.0,Femenino,2500.0,Tarjeta,9,2023-02-21
17,25.0,Femenino,80.06,Tarjeta,7,2024-02-21
18,38.0,Otro,132.07,Tarjeta,5,2024-01-07
19,26.0,Otro,150.64,Tarjeta,9,2024-02-27
20,21.0,Otro,169.08,Efectivo,7,2023-06-22
21,50.0,Otro,115.99,Tarjeta,5,2022-03-20
22,33.0,Otro,111.85,Efectivo,9,2024-02-03
23,36.0,Femenino,84.88,Tarjeta,7,2024-06-01
24,21.0,Femenino,86.92,Transferencia,2,2024-02-29
25,30.0,Femenino,110.94,Tarjeta,6,2023-05-17
26,36.0,Femenino,134.69,Transferencia,6,2022-06-13
27,23.0,Otro,156.54,Tarjeta,7,2024-02-19
28,39.0,Otro,87.87,Tarjeta,10,2022-03-04
29,29.0,Otro,179.71,Tarjeta,13,2023-07-12
30,32.0,Masculino,109.16,Transferencia,8,2022-09-05
31,29.0,Femenino,119.15,Transferencia,6,2024-03-25
32,54.0,Femenino,90.11,Tarjeta,10,2022-09-02
33,35.0,Otro,23.03,Efectivo,10,2022-08-04
34,24.0,Femenino,155.36,Tarjeta,6,2024-05-23
35,43.0,Femenino,149.47,Transferencia,7,2022-04-08
36,23.0,Otro,108.75,Tarjeta,10,2023-03-21
37,37.0,Masculino,122.68,Transferencia,11,2023-08-12
38,15.0,Masculino,140.64,Transferencia,10,2024-03-09
39,22.0,Masculino,57.5,Transferencia,5,2023-03-25
40,37.0,Otro,98.84,Tarjeta,8,2022-11-17
41,42.0,Femenino,151.77,Transferencia,18,2024-05-24
42,37.0,Otro,69.83,Transferencia,7,2022-02-11
43,34.0,Otro,131.74,Tarjeta,80,2024-04-22
44,32.0,Femenino,65.74,Transferencia,2,2022-05-12
45,20.0,Masculino,138.66,Tarjeta,8,2023-09-10
46,28.0,Masculino,118.57,Transferencia,6,2022-11-09
47,30.0,Otro,55.39,Efectivo,5,2024-08-10
48,46.0,Masculino,166.59,Efectivo,4,2022-03-11
49,38.0,Otro,90.62,Transferencia,10,2022-01-06
50,17.0,Otro,87.59,Efectivo,9,2023-10-15
51,38.0,Femenino,128.02,Tarjeta,10,2023-10-24
52,31.0,Femenino,165.95,Efectivo,6,2022-03-08
53,28.0,Femenino,79.37,Transferencia,5,2024-02-25
54,41.0,Otro,122.47,Transferencia,8,2022-08-24
55,45.0,Femenino,137.15,Tarjeta,7,2023-11-01
56,44.0,Masculino,147.72,Transferencia,4,2022-01-06
57,27.0,Masculino,127.06,Tarjeta,8,2022-08-30
58,32.0,Otro,105.32,Efectivo,4,2022-12-14
59,38.0,Otro,86.9,Efectivo,8,2024-06-07
60,,Femenino,,,6,2022-01-09
61,30.0,Otro,77.11,Tarjeta,15,2022-02-09
62,33.0,Otro,3.15,Transferencia,5,2022-06-10
63,24.0,Masculino,137.46,Efectivo,6,2024-06-06
64,23.0,Masculino,156.16,Tarjeta,5,2022-06-30
65,43.0,Femenino,25.48,Efectivo,5,2023-02-22
66,49.0,Otro,79.61,Tarjeta,9,2024-05-28
67,34.0,Otro,144.77,Efectivo,9,2023-04-03
68,45.0,Masculino,202.3,Transferencia,8,2023-08-28
69,39.0,Otro,120.83,Efectivo,9,2024-07-20
70,29.0,Masculino,90.88,Efectivo,9,2022-10-18
71,39.0,Femenino,112.68,Efectivo,7,2024-01-17
72,50.0,Masculino,175.0,Efectivo,7,2022-12-28
73,35.0,Otro,94.16,Efectivo,6,2024-02-01
74,51.0,Femenino,88.03,Transferencia,7,2023-10-02
75,9.0,Masculino,100.69,Tarjeta,4,2022-08-08
76,43.0,Masculino,81.87,Efectivo,7,2022-09-25
77,,Femenino,,,8,2023-08-05
78,32.0,Femenino,184.99,Efectivo,8,2024-06-18
79,36.0,Masculino,132.92,Efectivo,7,2022-10-17
80,15.0,Otro,109.91,Tarjeta,11,2024-08-11
81,33.0,Masculino,108.33,Efectivo,5,2023-07-18
82,39.0,Femenino,57.47,Transferencia,1,2022-10-08
83,50.0,Masculino,155.32,Transferencia,6,2023-05-05
84,30.0,Femenino,116.89,Tarjeta,9,2023-04-17
85,27.0,Femenino,112.78,Efectivo,5,2024-02-11
86,30.0,Otro,247.72,Transferencia,8,2024-03-06
87,44.0,Femenino,131.95,Efectivo,10,2022-02-28
88,38.0,Femenino,89.93,Efectivo,12,2022-11-06
89,30.0,Otro,102.95,Efectivo,5,2022-04-28
90,40.0,Femenino,165.94,Tarjeta,4,2023-12-10
91,36.0,Otro,124.53,Efectivo,11,2022-03-02
92,45.0,Otro,62.47,Transferencia,8,2023-04-11
93,28.0,Femenino,156.77,Efectivo,15,2022-02-05
94,32.0,Femenino,93.27,Transferencia,5,2022-12-04
95,31.0,Masculino,194.93,Efectivo,12,2022-01-12
96,20.0,Otro,163.2,Transferencia,5,2023-11-09
97,,Masculino,,,5,2022-02-04
98,38.0,Femenino,171.24,Efectivo,10,2022-07-15
99,35.0,Masculino,122.71,Efectivo,6,2022-11-13
100,33.0,Otro,154.11,Transferencia,11,2024-02-22
101,21.0,Masculino,139.39,Tarjeta,8,2024-04-03
102,,Otro,,,7,2023-08-13
103,32.0,Femenino,94.26,Tarjeta,9,2022-12-08
104,27.0,Femenino,161.2,Efectivo,13,2022-03-13
105,33.0,Otro,106.61,Efectivo,5,2024-07-05
106,39.0,Femenino,103.85,Efectivo,5,2024-07-05
107,54.0,Femenino,81.8,Efectivo,15,2022-05-08
108,37.0,Femenino,136.94,Tarjeta,4,2024-06-16
109,38.0,Femenino,202.5,Efectivo,7,2022-09-17
110,34.0,Otro,77.3,Transferencia,11,2023-07-26
111,16.0,Masculino,120.97,Transferencia,10,2022-09-17
112,35.0,Masculino,176.49,Tarjeta,10,2024-07-02
113,36.0,Femenino,116.81,Efectivo,18,2024-08-18
114,60.0,Masculino,138.09,Transferencia,14,2022-02-08
115,33.0,Masculino,77.5,Tarjeta,6,2022-08-25
116,38.0,Femenino,137.13,Efectivo,7,2024-04-09
117,35.0,Femenino,112.51,Transferencia,7,2024-05-02
118,23.0,Masculino,159.43,Transferencia,9,2023-10-31
119,46.0,Otro,167.5,Tarjeta,4,2023-06-16
120,43.0,Femenino,223.58,Efectivo,6,2024-01-19
121,43.0,Otro,143.19,Efectivo,10,2022-01-26
122,26.0,Masculino,133.03,Transferencia,10,2022-08-28
123,49.0,Femenino,127.78,Transferencia,4,2024-07-23
124,21.0,Otro,105.87,Transferencia,9,2022-05-12
125,41.0,Femenino,133.54,Efectivo,10,2023-11-06
126,57.0,Masculino,108.18,Tarjeta,4,2024-04-07
127,25.0,Otro,126.74,Tarjeta,11,2023-09-21
128,29.0,Masculino,172.7,Efectivo,8,2023-05-29
129,36.0,Masculino,79.74,Tarjeta,7,2022-10-14
130,30.0,Femenino,165.6,Transferencia,12,2022-11-19
131,19.0,Otro,172.68,Tarjeta,6,2022-04-18
132,36.0,Masculino,115.28,Tarjeta,9,2023-11-16
133,24.0,Masculino,35.13,Tarjeta,5,2024-09-04
134,40.0,Otro,95.69,Transferencia,8,2024-05-02
135,26.0,Masculino,171.88,Efectivo,8,2022-12-30
136,50.0,Masculino,119.09,Transferencia,6,2022-08-01
137,,Otro,,,6,2024-05-04
138,32.0,Otro,99.81,Efectivo,11,2024-08-09
139,43.0,Otro,153.62,Efectivo,9,2023-02-26
140,,Otro,,,13,2023-02-01
141,37.0,Femenino,110.44,Tarjeta,7,2022-12-14
142,48.0,Otro,105.33,Efectivo,5,2023-10-02
143,19.0,Femenino,104.33,Efectivo,10,2022-06-25
144,37.0,Femenino,83.1,Tarjeta,7,2022-05-08
145,38.0,Femenino,184.62,Transferencia,9,2024-01-29
146,43.0,Masculino,107.11,Efectivo,10,2024-04-07
147,23.0,Femenino,168.69,Transferencia,7,2023-01-16
148,22.0,Femenino,180.85,Tarjeta,6,2023-12-23
149,40.0,Masculino,159.93,Efectivo,8,2022-04-06
150,38.0,Masculino,102.74,Transferencia,7,2024-03-01
151,38.0,Masculino,136.15,Transferencia,6,2023-12-08
152,38.0,Otro,119.03,Transferencia,10,2022-04-13
153,28.0,Masculino,83.85,Tarjeta,9,2023-12-14
154,37.0,Masculino,132.97,Tarjeta,4,2024-05-03
155,38.0,Femenino,72.84,Transferencia,9,2022-08-01
156,28.0,Masculino,167.51,Transferencia,14,2024-03-25
157,54.0,Otro,101.42,Tarjeta,5,2024-08-31
158,40.0,Masculino,128.05,Transferencia,11,2023-02-02
159,23.0,Otro,131.33,Transferencia,2,2022-12-30
160,3.0,Masculino,109.64,Tarjeta,4,2022-04-27
161,25.0,Masculino,143.47,Transferencia,9,2023-12-29
162,43.0,Masculino,101.0,Transferencia,2,2024-04-28
163,47.0,Masculino,154.85,Transferencia,10,2024-03-15
164,27.0,Otro,66.16,Tarjeta,8,2024-07-11
165,45.0,Otro,125.06,Transferencia,13,2024-04-20
166,39.0,Femenino,197.56,Tarjeta,6,2022-01-24
167,43.0,Otro,79.99,Tarjeta,11,2023-02-20
168,54.0,Masculino,92.89,Efectivo,7,2022-02-24
169,33.0,Femenino,140.56,Efectivo,4,2024-02-16
170,27.0,Femenino,127.18,Transferencia,4,2022-08-15
171,26.0,Femenino,134.03,Tarjeta,4,2024-06-27
172,27.0,Masculino,139.57,Efectivo,6,2024-08-22
173,34.0,Otro,145.39,Transferencia,5,2022-05-29
174,38.0,Masculino,164.39,Efectivo,11,2024-06-12
175,,Femenino,,,11,2024-05-22
176,43.0,Masculino,110.35,Tarjeta,4,2023-09-16
177,35.0,Masculino,146.9,Tarjeta,6,2022-06-11
178,50.0,Otro,196.0,Efectivo,7,2023-08-11
179,32.0,Otro,114.69,Efectivo,6,2022-09-03
180,62.0,Femenino,81.02,Tarjeta,8,2023-08-21
181,41.0,Masculino,164.28,Transferencia,7,2024-02-08
182,26.0,Masculino,115.18,Tarjeta,4,2023-08-11
183,24.0,Otro,33.09,Efectivo,8,2023-08-11
184,40.0,Masculino,153.9,Transferencia,4,2024-03-31
185,33.0,Masculino,98.59,Efectivo,13,2023-08-16
186,42.0,Masculino,116.38,Transferencia,7,2022-05-02
187,40.0,Otro,133.28,Efectivo,7,2024-08-25
188,34.0,Femenino,127.62,Transferencia,6,2023-09-17
189,27.0,Femenino,148.38,Transferencia,9,2024-02-23
190,20.0,Masculino,102.58,Efectivo,7,2023-04-10
191,31.0,Femenino,140.52,Transferencia,7,2022-04-19
192,44.0,Otro,109.62,Tarjeta,10,2022-06-26
193,37.0,Otro,149.55,Efectivo,10,2023-04-21
194,23.0,Femenino,144.61,Tarjeta,10,2022-12-02
195,37.0,Femenino,82.58,Efectivo,3,2023-02-25
196,39.0,Masculino,163.44,Transferencia,9,2022-12-14
197,26.0,Femenino,98.56,Transferencia,10,2023-12-24
198,37.0,Masculino,152.32,Transferencia,10,2023-02-02
199,,Masculino,,,8,2024-08-27
200,24.0,Otro,193.53,Tarjeta,9,2022-03-06
201,39.0,Otro,111.06,Tarjeta,14,2024-08-30
202,41.0,Otro,106.03,Efectivo,9,2024-06-28
203,46.0,Otro,119.22,Efectivo,11,2023-04-05
204,46.0,Femenino,107.87,Tarjeta,9,2024-02-06
205,21.0,Otro,152.0,Tarjeta,4,2024-06-28
206,26.0,Femenino,55.35,Tarjeta,8,2022-05-11
207,40.0,Otro,77.85,Tarjeta,13,2024-05-16
208,40.0,Femenino,77.29,Efectivo,3,2023-01-18
209,40.0,Masculino,158.01,Efectivo,9,2023-08-29
210,74.0,Femenino,188.42,Transferencia,8,2023-12-10
211,,Femenino,,,7,2023-08-19
212,46.0,Otro,113.25,Transferencia,5,2023-08-17
213,45.0,Femenino,122.8,Efectivo,2,2023-06-11
214,42.0,Masculino,166.48,Efectivo,6,2024-03-14
215,32.0,Masculino,82.91,Transferencia,4,2024-04-10
216,43.0,Otro,129.53,Tarjeta,8,2022-04-15
217,27.0,Masculino,159.01,Tarjeta,10,2022-10-25
218,33.0,Femenino,140.04,Tarjeta,7,2024-03-17
219,30.0,Masculino,127.58,Tarjeta,9,2024-04-26
220,36.0,Otro,160.04,Transferencia,6,2023-07-09
221,58.0,Femenino,11.87,Transferencia,8,2023-10-13
222,16.0,Otro,147.12,Efectivo,7,2024-01-24
223,42.0,Femenino,93.84,Tarjeta,2,2022-10-31
224,19.0,Masculino,46.77,Tarjeta,9,2024-09-13
225,30.0,Otro,140.45,Tarjeta,5,2024-08-06
226,46.0,Otro,174.95,Transferencia,11,2022-05-06
227,36.0,Femenino,114.5,Tarjeta,10,2022-12-01
228,24.0,Otro,158.11,Transferencia,7,2022-04-14
229,28.0,Femenino,184.49,Tarjeta,9,2023-02-07
230,42.0,Femenino,172.6,Tarjeta,5,2022-05-04
231,28.0,Femenino,185.6,Efectivo,6,2022-08-23
232,37.0,Femenino,149.69,Tarjeta,4,2024-09-22
233,35.0,Masculino,123.02,Tarjeta,8,2023-11-21
234,28.0,Femenino,55.92,Efectivo,9,2023-09-30
235,56.0,Otro,110.16,Transferencia,8,2023-01-01
236,,Masculino,,,9,2024-01-12
237,15.0,Otro,206.84,Tarjeta,4,2022-09-18
238,37.0,Masculino,112.96,Transferencia,9,2024-06-21
239,28.0,Femenino,124.93,Tarjeta,10,2022-02-16
240,44.0,Masculino,142.06,Efectivo,7,2024-04-02
241,27.0,Masculino,121.74,Efectivo,5,2022-03-16
242,34.0,Otro,187.8,Tarjeta,8,2022-11-01
243,40.0,Otro,95.09,Efectivo,9,2024-08-08
244,44.0,Femenino,127.78,Efectivo,9,2023-12-25
245,23.0,Masculino,90.3,Tarjeta,7,2024-01-29
246,32.0,Masculino,67.2,Tarjeta,5,2022-03-12
247,30.0,Masculino,95.53,Efectivo,10,2024-09-20
248,28.0,Femenino,118.52,Transferencia,6,2024-05-02
249,53.0,Femenino,102.83,Transferencia,50,2023-04-01
250,39.0,Femenino,92.3,Tarjeta,4,2023-11-09
251,22.0,Femenino,63.75,Tarjeta,7,2022-11-12
252,44.0,Femenino,116.68,Transferencia,12,2022-09-14
253,56.0,Otro,-50.0,Efectivo,8,2023-07-21
254,45.0,Masculino,150.4,Transferencia,7,2022-04-12
255,20.0,Masculino,123.3,Transferencia,6,2023-05-27
256,30.0,Masculino,61.7,Transferencia,12,2024-07-22
257,48.0,Masculino,107.63,Transferencia,5,2022-05-01
258,28.0,Masculino,89.91,Tarjeta,6,2023-07-12
259,39.0,Masculino,132.77,Tarjeta,5,2023-04-04
260,43.0,Masculino,173.62,Efectivo,10,2024-09-16
261,26.0,Masculino,44.99,Efectivo,10,2024-03-11
262,34.0,Otro,124.6,Efectivo,5,2023-10-14
263,3.0,Masculino,3000.0,Efectivo,11,2022-08-22
264,25.0,Otro,146.85,Transferencia,8,2022-08-12
265,32.0,Femenino,128.53,Tarjeta,4,2022-05-07
266,23.0,Masculino,89.92,Tarjeta,8,2022-07-11
267,51.0,Femenino,107.24,Efectivo,3,2024-09-11
268,21.0,Femenino,88.16,Efectivo,4,2022-08-15
269,31.0,Femenino,163.04,Transferencia,6,2024-08-13
270,36.0,Otro,120.85,Transferencia,13,2022-12-21
271,49.0,Femenino,196.05,Efectivo,6,2022-05-08
272,21.0,Femenino,117.57,Tarjeta,5,2023-11-16
273,47.0,Femenino,91.66,Tarjeta,4,2023-06-18
274,35.0,Masculino,59.45,Tarjeta,8,2023-01-27
275,25.0,Masculino,47.87,Efectivo,5,2024-05-03
276,40.0,Otro,56.63,Tarjeta,6,2023-12-17
277,37.0,Otro,130.69,Transferencia,10,2024-01-15
278,,Masculino,,,16,2024-06-25
279,36.0,Otro,56.75,Efectivo,5,2022-02-21
280,31.0,Masculino,155.8,Transferencia,10,2023-05-06
281,,Femenino,,,6,2022-03-09
282,42.0,Femenino,125.87,Tarjeta,10,2022-04-13
283,51.0,Otro,184.49,Tarjeta,6,2022-10-10
284,23.0,Masculino,155.87,Tarjeta,9,2024-05-10
285,56.0,Masculino,109.26,Transferencia,11,2023-05-21
286,15.0,Otro,84.35,Efectivo,4,2023-10-02
287,33.0,Masculino,33.93,Tarjeta,12,2023-03-07
288,41.0,Femenino,5000.0,Efectivo,10,2023-05-08
289,38.0,Otro,111.55,Tarjeta,6,2024-03-29
290,29.0,Otro,80.51,Transferencia,12,2023-03-22
291,33.0,Masculino,114.75,Transferencia,10,2022-10-02
292,30.0,Otro,123.07,Efectivo,6,2024-09-27
293,29.0,Masculino,111.01,Transferencia,10,2023-07-07
294,43.0,Masculino,94.0,Transferencia,8,2022-12-10
295,39.0,Masculino,126.75,Efectivo,10,2023-08-30
296,28.0,Masculino,137.68,Tarjeta,6,2022-12-01
297,44.0,Masculino,76.38,Transferencia,5,2023-10-10
298,38.0,Otro,176.44,Efectivo,15,2023-10-22
299,43.0,Femenino,116.06,Transferencia,11,2022-04-22
300,,Femenino,,,6,2022-04-07
301,27.0,Otro,148.33,Transferencia,10,2023-01-23
302,29.0,Otro,129.33,Transferencia,8,2024-05-30
303,42.0,Femenino,158.13,Efectivo,13,2023-01-08
304,41.0,Femenino,131.48,Efectivo,5,2024-09-14
305,35.0,Femenino,95.5,Efectivo,10,2023-06-12
306,36.0,Femenino,134.46,Transferencia,10,2023-01-03
307,99.0,Femenino,74.25,Transferencia,2,2022-09-19
308,29.0,Masculino,124.34,Transferencia,9,2023-08-06
309,40.0,Otro,118.67,Efectivo,8,2024-01-25
310,33.0,Masculino,111.68,Transferencia,12,2023-03-07
311,33.0,Femenino,114.86,Tarjeta,7,2024-06-01
312,46.0,Femenino,44.73,Transferencia,11,2022-01-05
313,,Femenino,,,7,2024-02-17
314,43.0,Masculino,123.71,Transferencia,8,2024-08-28
315,48.0,Masculino,126.39,Efectivo,10,2023-11-10
316,35.0,Femenino,78.89,Transferencia,7,2023-03-07
317,42.0,Masculino,170.63,Tarjeta,9,2024-06-06
318,32.0,Masculino,85.35,Tarjeta,8,2024-01-23
319,38.0,Femenino,158.78,Transferencia,7,2022-06-08
320,,Masculino,,,9,2023-07-12
321,36.0,Otro,94.15,Tarjeta,10,2024-09-17
322,41.0,Otro,191.01,Efectivo,6,2022-10-04
323,27.0,Otro,72.25,Transferencia,3,2022-05-20
324,56.0,Otro,156.77,Transferencia,7,2022-07-07
325,25.0,Femenino,160.02,Transferencia,2,2022-04-04
326,23.0,Femenino,93.18,Tarjeta,10,2022-02-08
327,47.0,Femenino,175.7,Transferencia,4,2023-06-17
328,43.0,Otro,110.0,Transferencia,7,2023-05-24
329,,Otro,,,13,2023-03-27
330,41.0,Masculino,130.41,Efectivo,7,2022-10-12
331,35.0,Masculino,114.63,Efectivo,8,2023-05-26
332,26.0,Otro,152.43,Tarjeta,5,2022-01-07
333,36.0,Otro,151.74,Transferencia,8,2024-09-12
334,28.0,Otro,50.06,Efectivo,8,2022-01-31
335,45.0,Otro,172.17,Efectivo,6,2022-07-09
336,34.0,Masculino,53.5,Efectivo,9,2022-05-05
337,27.0,Otro,161.3,Transferencia,13,2024-07-28
338,32.0,Masculino,165.07,Transferencia,9,2023-07-25
339,39.0,Otro,76.36,Transferencia,10,2024-01-20
340,29.0,Otro,103.57,Tarjeta,11,2022-04-05
341,27.0,Otro,75.77,Tarjeta,8,2024-04-11
342,37.0,Masculino,111.4,Efectivo,7,2023-05-14
343,37.0,Masculino,107.68,Transferencia,4,2023-12-04
344,30.0,Femenino,151.19,Efectivo,3,2023-03-20
345,30.0,Otro,172.41,Transferencia,10,2022-03-23
346,37.0,Femenino,175.83,Transferencia,12,2022-01-22
347,,Femenino,,,8,2023-04-06
348,21.0,Masculino,111.63,Tarjeta,10,2022-01-26
349,28.0,Masculino,52.66,Tarjeta,6,2023-11-01
350,33.0,Femenino,87.77,Transferencia,6,2022-04-08
351,38.0,Otro,158.59,Efectivo,8,2023-10-30
352,50.0,Masculino,184.62,Transferencia,8,2023-09-22
353,44.0,Otro,70.63,Transferencia,11,2024-03-04
354,33.0,Otro,96.3,Efectivo,7,2023-06-17
355,35.0,Femenino,118.94,Transferencia,9,2023-01-13
356,25.0,Femenino,131.21,Efectivo,10,2024-01-09
357,35.0,Femenino,87.62,Tarjeta,8,2022-10-05
358,32.0,Femenino,136.96,Tarjeta,4,2022-04-06
359,38.0,Masculino,101.05,Efectivo,9,2023-11-04
360,27.0,Masculino,119.42,Tarjeta,3,2023-02-13
361,40.0,Femenino,141.85,Tarjeta,12,2023-02-24
362,50.0,Masculino,120.26,Efectivo,9,2024-06-10
363,34.0,Femenino,102.54,Tarjeta,7,2022-04-19
364,39.0,Otro,115.62,Transferencia,9,2022-02-14
365,42.0,Otro,116.47,Transferencia,4,2022-11-28
366,31.0,Otro,105.2,Efectivo,6,2023-06-01
367,37.0,Femenino,109.65,Tarjeta,5,2022-12-27
368,35.0,Otro,183.95,Transferencia,9,2024-03-30
369,36.0,Masculino,142.44,Transferencia,12,2023-10-31
370,27.0,Otro,108.18,Tarjeta,5,2024-02-01
371,,Otro,,,8,2024-05-09
372,,Otro,,,7,2023-07-20
373,50.0,Masculino,166.92,Transferencia,10,2024-01-01
374,45.0,Femenino,134.79,Efectivo,8,2022-05-13
375,57.0,Masculino,115.71,Efectivo,8,2023-04-13
376,27.0,Femenino,137.91,Transferencia,10,2024-08-09
377,44.0,Femenino,57.16,Efectivo,10,2024-05-18
378,37.0,Otro,74.93,Transferencia,7,2022-02-02
379,57.0,Femenino,72.24,Transferencia,8,2022-01-29
380,27.0,Masculino,125.72,Efectivo,12,2023-06-13
381,27.0,Masculino,189.3,Efectivo,2,2023-08-17
382,29.0,Femenino,209.25,Tarjeta,11,2022-03-19
383,14.0,Otro,145.52,Tarjeta,10,2022-06-14
384,30.0,Otro,140.03,Tarjeta,7,2024-03-09
385,27.0,Masculino,47.96,Transferencia,15,2024-07-26
386,37.0,Otro,98.29,Efectivo,5,2023-08-18
387,38.0,Femenino,88.49,Transferencia,2,2024-07-11
388,54.0,Femenino,95.17,Efectivo,9,2023-08-22
389,45.0,Masculino,113.27,Transferencia,14,2023-04-26
390,29.0,Femenino,101.12,Tarjeta,7,2024-06-06
391,26.0,Masculino,40.83,Tarjeta,5,2024-01-18
392,40.0,Femenino,149.92,Tarjeta,9,2022-08-05
393,22.0,Masculino,77.09,Transferencia,8,2022-06-11
394,53.0,Otro,129.57,Efectivo,9,2022-09-05
395,47.0,Femenino,202.96,Efectivo,8,2022-12-02
396,5.0,Femenino,83.22,Tarjeta,7,2023-09-20
397,18.0,Masculino,18.79,Tarjeta,8,2022-05-08
398,49.0,Masculino,108.56,Tarjeta,7,2022-11-07
399,34.0,Femenino,164.04,Tarjeta,10,2023-03-12
400,47.0,Masculino,198.33,Efectivo,8,2024-06-05
401,19.0,Femenino,70.82,Transferencia,5,2024-09-03
402,29.0,Otro,139.87,Transferencia,6,2023-01-17
403,35.0,Masculino,101.39,Transferencia,8,2023-05-15
404,35.0,Femenino,115.76,Transferencia,8,2024-09-01
405,30.0,Otro,225.77,Tarjeta,9,2023-11-27
406,41.0,Otro,59.88,Tarjeta,11,2022-07-22
407,24.0,Femenino,130.15,Tarjeta,12,2022-06-27
408,34.0,Masculino,138.71,Transferencia,9,2023-10-23
409,36.0,Femenino,163.43,Tarjeta,5,2022-08-10
410,40.0,Otro,123.92,Tarjeta,3,2023-07-27
411,42.0,Femenino,132.32,Efectivo,13,2023-04-14
412,,Masculino,,,12,2022-06-09
413,20.0,Otro,130.77,Tarjeta,16,2024-08-27
414,48.0,Femenino,106.27,Efectivo,8,2024-07-01
415,38.0,Masculino,144.86,Efectivo,13,2023-07-08
416,28.0,Otro,105.22,Tarjeta,10,2022-03-04
417,51.0,Masculino,135.08,Tarjeta,8,2022-07-02
418,36.0,Otro,118.83,Tarjeta,13,2022-05-20
419,47.0,Femenino,165.04,Tarjeta,75,2022-09-01
420,36.0,Masculino,117.94,Transferencia,12,2024-04-13
421,56.0,Otro,49.08,Transferencia,8,2022-07-08
422,53.0,Masculino,170.48,Tarjeta,9,2024-07-04
423,33.0,Masculino,83.77,Efectivo,9,2023-05-04
424,45.0,Femenino,93.85,Tarjeta,6,2024-07-15
425,41.0,Masculino,96.17,Tarjeta,6,2023-02-08
426,49.0,Otro,174.98,Efectivo,11,2023-02-02
427,25.0,Otro,34.57,Transferencia,7,2022-04-09
428,42.0,Otro,245.51,Tarjeta,11,2023-07-16
429,46.0,Otro,162.24,Tarjeta,10,2022-08-28
430,17.0,Femenino,128.93,Transferencia,7,2022-05-16
431,23.0,Masculino,117.8,Transferencia,5,2022-01-07
432,15.0,Femenino,131.42,Efectivo,3,2023-07-29
433,32.0,Masculino,140.84,Transferencia,5,2022-09-15
434,42.0,Masculino,145.81,Transferencia,4,2022-08-05
435,50.0,Masculino,142.22,Transferencia,9,2022-09-05
436,36.0,Femenino,123.58,Efectivo,11,2023-12-14
437,51.0,Masculino,112.11,Transferencia,2,2023-04-01
438,21.0,Femenino,113.95,Transferencia,11,2022-12-20
439,18.0,Otro,112.2,Efectivo,13,2024-08-10
440,,Otro,,,10,2024-05-13
441,39.0,Masculino,143.74,Transferencia,10,2022-03-23
442,35.0,Femenino,2.38,Efectivo,10,2024-02-15
443,14.0,Otro,146.24,Tarjeta,11,2023-12-09
444,34.0,Femenino,127.79,Efectivo,11,2024-08-10
445,22.0,Femenino,119.25,Transferencia,8,2024-04-24
446,42.0,Masculino,104.46,Transferencia,7,2024-07-01
447,39.0,Otro,164.96,Transferencia,8,2023-04-12
448,26.0,Masculino,157.9,Efectivo,6,2024-04-12
449,30.0,Masculino,89.08,Transferencia,11,2022-11-28
450,24.0,Otro,136.28,Transferencia,7,2022-06-09
451,34.0,Otro,81.13,Efectivo,10,2022-09-02
452,45.0,Femenino,64.82,Tarjeta,9,2023-02-22
453,25.0,Otro,94.93,Tarjeta,11,2022-07-10
454,40.0,Femenino,154.5,Transferencia,6,2022-04-08
455,30.0,Femenino,158.13,Efectivo,5,2023-01-31
456,27.0,Femenino,140.52,Transferencia,6,2023-11-07
457,34.0,Otro,149.0,Efectivo,10,2023-08-26
458,25.0,Masculino,140.65,Efectivo,10,2024-01-28
459,29.0,Femenino,94.34,Tarjeta,7,2023-08-20
460,23.0,Masculino,137.28,Tarjeta,5,2023-08-05
461,55.0,Masculino,152.02,Efectivo,4,2024-07-12
462,35.0,Otro,150.17,Transferencia,11,2024-04-02
463,28.0,Masculino,167.56,Tarjeta,13,2023-03-30
464,37.0,Masculino,148.33,Transferencia,5,2022-06-06
465,34.0,Otro,134.06,Tarjeta,10,2023-03-29
466,33.0,Femenino,162.81,Tarjeta,5,2023-04-15
467,41.0,Masculino,118.94,Transferencia,12,2024-03-22
468,43.0,Otro,84.73,Tarjeta,10,2023-05-12
469,30.0,Masculino,113.48,Tarjeta,10,2023-10-03
470,29.0,Masculino,90.2,Transferencia,4,2023-08-26
471,32.0,Femenino,92.99,Tarjeta,5,2023-08-03
472,12.0,Masculino,114.22,Tarjeta,13,2023-09-05
473,20.0,Otro,88.3,Tarjeta,6,2023-02-03
474,49.0,Masculino,107.68,Transferencia,12,2024-04-29
475,51.0,Femenino,44.26,Efectivo,5,2022-11-23
476,33.0,Femenino,128.53,Transferencia,10,2024-02-13
477,41.0,Otro,120.05,Efectivo,4,2024-06-11
478,38.0,Femenino,87.32,Tarjeta,11,2024-08-14
479,66.0,Masculino,146.37,Efectivo,5,2022-12-30
480,46.0,Femenino,157.5,Transferencia,8,2022-02-20
481,34.0,Otro,55.7,Transferencia,9,2024-03-11
482,25.0,Femenino,89.49,Tarjeta,10,2022-08-04
483,19.0,Femenino,89.23,Efectivo,4,2023-03-03
484,37.0,Femenino,82.4,Tarjeta,7,2022-07-16
485,27.0,Otro,153.18,Tarjeta,7,2023-05-26
486,21.0,Femenino,112.25,Transferencia,4,2023-08-10
487,29.0,Femenino,109.42,Efectivo,18,2022-09-11
488,24.0,Masculino,39.85,Efectivo,7,2022-02-21
489,52.0,Otro,145.42,Efectivo,7,2023-04-08
490,44.0,Femenino,70.43,Efectivo,1,2022-06-27
491,35.0,Otro,122.4,Tarjeta,8,2023-04-30
492,50.0,Femenino,131.1,Tarjeta,8,2022-04-11
493,36.0,Femenino,174.43,Transferencia,6,2022-06-23
494,26.0,Femenino,67.65,Tarjeta,9,2022-09-06
495,50.0,Masculino,-0.78,Tarjeta,4,2022-12-18
496,40.0,Masculino,127.35,Transferencia,6,2022-01-23
497,25.0,Masculino,192.02,Transferencia,12,2023-04-29
498,33.0,Otro,169.56,Transferencia,15,2022-07-28
499,26.0,Otro,128.39,Tarjeta,3,2023-11-03
500,,Masculino,,,9,2023-03-09
501,44.0,Otro,152.28,Transferencia,6,2022-01-04
502,54.0,Femenino,81.06,Transferencia,5,2022-03-15
503,21.0,Femenino,139.05,Transferencia,4,2023-05-18
504,41.0,Femenino,140.22,Tarjeta,13,2023-08-21
505,28.0,Masculino,162.41,Tarjeta,7,2022-08-08
506,30.0,Otro,230.39,Efectivo,8,2023-08-23
507,29.0,Masculino,135.7,Tarjeta,8,2023-03-01
508,26.0,Otro,99.64,Tarjeta,9,2024-04-28
509,35.0,Femenino,118.98,Tarjeta,10,2024-07-29
510,27.0,Masculino,49.24,Transferencia,14,2022-04-02
511,38.0,Otro,92.21,Tarjeta,3,2022-04-28
512,34.0,Otro,103.63,Transferencia,4,2022-12-11
513,33.0,Femenino,99.04,Efectivo,8,2024-02-05
514,,Masculino,,,9,2024-03-15
515,29.0,Masculino,87.1,Transferencia,13,2022-09-25
516,43.0,Masculino,164.84,Transferencia,5,2023-11-25
517,40.0,Femenino,120.01,Transferencia,8,2024-06-05
518,25.0,Masculino,119.63,Tarjeta,4,2022-03-18
519,36.0,Femenino,106.88,Efectivo,8,2024-01-23
520,43.0,Femenino,126.21,Transferencia,5,2022-08-07
521,18.0,Femenino,153.0,Tarjeta,12,2024-06-05
522,,Otro,,,6,2022-07-29
523,28.0,Masculino,93.68,Tarjeta,9,2023-02-12
524,41.0,Masculino,107.85,Efectivo,8,2022-09-20
525,27.0,Femenino,66.17,Tarjeta,12,2023-06-29
526,17.0,Femenino,87.23,Efectivo,11,2024-01-22
527,19.0,Masculino,100.95,Efectivo,6,2024-08-02
528,,Femenino,,,7,2023-05-22
529,38.0,Masculino,130.5,Transferencia,3,2024-06-28
530,26.0,Otro,127.74,Efectivo,10,2023-07-28
531,41.0,Femenino,154.04,Transferencia,4,2023-06-28
532,18.0,Masculino,114.51,Tarjeta,9,2024-09-14
533,34.0,Femenino,135.62,Transferencia,13,2023-12-18
534,23.0,Masculino,115.87,Transferencia,13,2023-02-16
535,28.0,Masculino,130.61,Transferencia,11,2022-02-23
536,35.0,Femenino,96.69,Transferencia,11,2022-05-06
537,26.0,Otro,22.45,Transferencia,6,2022-09-07
538,31.0,Masculino,114.63,Efectivo,4,2023-03-22
539,45.0,Masculino,176.91,Efectivo,11,2023-06-13
540,29.0,Masculino,157.05,Efectivo,6,2024-08-05
541,43.0,Otro,158.62,Tarjeta,3,2022-11-25
542,24.0,Otro,169.45,Transferencia,15,2023-06-22
543,40.0,Femenino,123.55,Efectivo,4,2022-08-15
544,49.0,Otro,127.89,Tarjeta,14,2022-08-21
545,10.0,Femenino,95.29,Efectivo,7,2023-05-25
546,27.0,Femenino,107.36,Efectivo,7,2024-05-14
547,41.0,Otro,144.63,Transferencia,11,2022-09-26
548,33.0,Femenino,168.16,Tarjeta,5,2022-04-14
549,39.0,Otro,114.42,Transferencia,8,2022-04-23
550,,Femenino,,,7,2023-09-08
551,36.0,Otro,120.02,Efectivo,3,2022-11-15
552,33.0,Otro,144.05,Transferencia,7,2023-07-04
553,47.0,Femenino,62.25,Tarjeta,8,2022-03-20
554,38.0,Masculino,28.15,Transferencia,6,2024-04-22
555,38.0,Femenino,97.98,Transferencia,5,2022-07-15
556,31.0,Otro,71.17,Transferencia,8,2023-10-07
557,30.0,Masculino,99.67,Efectivo,5,2023-12-29
558,31.0,Femenino,114.09,Tarjeta,9,2023-12-21
559,39.0,Femenino,101.87,Efectivo,6,2024-02-19
560,31.0,Femenino,178.1,Efectivo,9,2022-02-07
561,38.0,Masculino,133.07,Efectivo,12,2023-01-21
562,56.0,Otro,132.02,Efectivo,12,2023-03-28
563,44.0,Femenino,144.89,Efectivo,5,2023-03-09
564,32.0,Femenino,74.45,Tarjeta,8,2022-11-22
565,47.0,Femenino,161.56,Transferencia,6,2024-04-15
566,31.0,Femenino,116.97,Efectivo,4,2023-10-10
567,15.0,Femenino,146.82,Efectivo,6,2023-11-13
568,25.0,Otro,77.13,Tarjeta,8,2022-09-21
569,16.0,Otro,57.85,Tarjeta,5,2022-04-12
570,31.0,Femenino,152.72,Transferencia,7,2022-01-18
571,35.0,Masculino,135.06,Tarjeta,9,2022-03-31
572,52.0,Otro,83.92,Transferencia,7,2022-03-20
573,38.0,Masculino,85.21,Efectivo,12,2024-09-27
574,33.0,Otro,165.02,Efectivo,10,2023-09-05
575,43.0,Femenino,72.42,Transferencia,13,2023-09-10
576,13.0,Otro,185.71,Tarjeta,4,2024-04-17
577,37.0,Femenino,83.98,Transferencia,10,2024-09-23
578,43.0,Otro,145.54,Tarjeta,8,2022-02-27
579,20.0,Femenino,106.86,Efectivo,6,2022-06-06
580,46.0,Femenino,144.13,Tarjeta,6,2024-08-03
581,38.0,Femenino,98.24,Transferencia,12,2023-09-15
582,31.0,Femenino,113.49,Transferencia,13,2023-07-19
583,41.0,Masculino,121.64,Efectivo,11,2023-01-18
584,58.0,Femenino,79.91,Tarjeta,11,2022-07-17
585,,Masculino,,,5,2024-03-25
586,37.0,Masculino,99.47,Tarjeta,8,2024-02-16
587,30.0,Femenino,110.86,Efectivo,9,2022-01-28
588,27.0,Masculino,80.23,Tarjeta,15,2022-12-15
589,43.0,Otro,17.51,Transferencia,12,2023-04-16
590,26.0,Femenino,112.36,Tarjeta,7,2022-06-12
591,36.0,Masculino,216.5,Efectivo,9,2022-12-20
592,30.0,Femenino,151.38,Tarjeta,7,2024-09-01
593,40.0,Femenino,119.23,Tarjeta,7,2023-09-03
594,38.0,Femenino,109.48,Transferencia,3,2023-11-25
595,45.0,Masculino,120.9,Tarjeta,9,2023-01-13
596,30.0,Otro,141.88,Transferencia,10,2022-06-28
597,32.0,Otro,72.77,Transferencia,10,2024-04-13
598,25.0,Masculino,164.57,Efectivo,11,2023-09-15
599,31.0,Femenino,148.62,Transferencia,6,2024-08-26
600,39.0,Masculino,148.73,Transferencia,5,2024-07-19
601,43.0,Masculino,137.54,Efectivo,4,2023-03-23
602,,Masculino,,,6,2022-06-21
603,44.0,Femenino,146.91,Efectivo,11,2022-05-22
604,49.0,Masculino,143.67,Tarjeta,10,2022-06-19
605,39.0,Femenino,105.84,Efectivo,15,2023-01-25
606,54.0,Masculino,97.06,Transferencia,9,2024-03-25
607,27.0,Otro,124.07,Efectivo,4,2024-09-26
608,23.0,Masculino,181.96,Transferencia,11,2024-01-19
609,17.0,Masculino,70.44,Tarjeta,11,2022-01-21
610,50.0,Otro,61.3,Efectivo,9,2023-01-25
611,42.0,Femenino,126.59,Tarjeta,11,2022-06-06
612,34.0,Femenino,122.04,Transferencia,9,2022-12-22
613,38.0,Masculino,126.93,Transferencia,4,2023-06-02
614,24.0,Otro,129.76,Tarjeta,11,2022-01-16
615,59.0,Femenino,111.07,Efectivo,3,2023-11-27
616,36.0,Masculino,179.59,Efectivo,8,2022-11-09
617,36.0,Otro,55.96,Transferencia,8,2023-01-26
618,42.0,Femenino,86.86,Tarjeta,4,2022-09-30
619,40.0,Femenino,115.87,Tarjeta,3,2024-04-14
620,37.0,Otro,54.27,Efectivo,100,2022-08-02
621,27.0,Otro,112.97,Efectivo,6,2023-08-28
622,,Otro,,,8,2024-07-13
623,54.0,Otro,120.84,Tarjeta,9,2022-08-12
624,48.0,Masculino,129.23,Efectivo,5,2023-01-03
625,51.0,Otro,69.59,Efectivo,8,2022-09-03
626,30.0,Femenino,95.35,Transferencia,7,2022-02-12
627,,Femenino,,,9,2023-02-07
628,34.0,Masculino,107.29,Efectivo,6,2024-05-02
629,36.0,Femenino,171.27,Tarjeta,5,2023-03-25
630,46.0,Femenino,142.31,Tarjeta,1,2024-09-23
631,18.0,Otro,75.54,Transferencia,9,2023-09-21
632,50.0,Femenino,129.86,Efectivo,8,2024-05-21
633,33.0,Masculino,139.93,Transferencia,3,2024-07-15
634,31.0,Otro,165.61,Tarjeta,7,2024-05-08
635,25.0,Otro,183.22,Transferencia,9,2022-01-01
636,18.0,Masculino,79.4,Tarjeta,6,2023-01-04
637,,Otro,1000.0,,5,2022-06-27
638,36.0,Otro,69.7,Transferencia,5,2022-11-03
639,22.0,Masculino,110.64,Efectivo,9,2024-01-23
640,22.0,Otro,138.65,Transferencia,8,2022-07-29
641,32.0,Masculino,159.49,Efectivo,9,2023-03-21
642,52.0,Masculino,116.96,Efectivo,6,2024-04-05
643,32.0,Femenino,107.21,Efectivo,7,2023-05-25
644,20.0,Femenino,126.07,Efectivo,6,2024-06-09
645,33.0,Otro,86.59,Transferencia,8,2023-02-20
646,32.0,Otro,203.58,Tarjeta,10,2023-12-17
647,8.0,Masculino,55.69,Tarjeta,14,2023-05-20
648,34.0,Otro,127.39,Tarjeta,11,2024-02-23
649,33.0,Masculino,200.94,Transferencia,15,2023-05-08
650,42.0,Masculino,120.27,Efectivo,6,2022-09-09
651,53.0,Otro,112.4,Tarjeta,10,2022-01-27
652,46.0,Masculino,105.7,Transferencia,4,2022-06-25
653,32.0,Femenino,112.78,Efectivo,5,2023-03-05
654,24.0,Otro,174.91,Tarjeta,7,2022-08-22
655,61.0,Femenino,31.53,Efectivo,11,2023-07-15
656,36.0,Otro,181.34,Tarjeta,5,2023-08-24
657,35.0,Masculino,63.04,Tarjeta,8,2024-02-28
658,35.0,Otro,109.33,Tarjeta,9,2024-03-24
659,37.0,Femenino,102.83,Efectivo,15,2022-12-14
660,34.0,Masculino,143.54,Transferencia,6,2024-08-19
661,,Otro,,,6,2024-09-17
662,30.0,Otro,138.49,Tarjeta,7,2024-01-06
663,35.0,Otro,200.97,Efectivo,6,2023-11-02
664,30.0,Femenino,65.47,Transferencia,4,2023-06-13
665,28.0,Femenino,127.59,Efectivo,3,2024-07-10
666,36.0,Otro,93.52,Transferencia,8,2022-07-04
667,32.0,Masculino,137.04,Transferencia,8,2024-03-15
668,50.0,Masculino,120.77,Efectivo,4,2024-07-27
669,8.0,Femenino,94.34,Tarjeta,5,2023-12-03
670,46.0,Masculino,139.51,Transferencia,11,2022-06-21
671,47.0,Femenino,192.17,Efectivo,7,2022-04-14
672,14.0,Otro,112.36,Transferencia,10,2022-02-05
673,32.0,Femenino,148.79,Tarjeta,9,2023-06-26
674,31.0,Femenino,68.27,Efectivo,8,2022-02-10
675,21.0,Otro,81.74,Efectivo,8,2022-05-10
676,27.0,Masculino,138.9,Efectivo,11,2023-05-21
677,24.0,Femenino,179.36,Tarjeta,12,2024-03-24
678,53.0,Femenino,134.22,Transferencia,8,2022-02-25
679,,Otro,,,8,2022-06-05
680,48.0,Masculino,119.97,Transferencia,6,2022-03-13
681,42.0,Femenino,69.98,Transferencia,13,2023-02-24
682,24.0,Otro,144.18,Tarjeta,4,2022-07-23
683,30.0,Femenino,155.29,Efectivo,12,2024-08-24
684,40.0,Otro,101.92,Transferencia,4,2023-04-25
685,23.0,Masculino,101.2,Efectivo,12,2024-09-27
686,42.0,Masculino,130.64,Efectivo,9,2024-09-24
687,33.0,Masculino,102.53,Tarjeta,10,2023-11-27
688,,Masculino,,,10,2023-05-21
689,42.0,Femenino,203.99,Efectivo,8,2022-12-31
690,39.0,Femenino,110.12,Transferencia,6,2024-02-06
691,31.0,Masculino,105.67,Tarjeta,11,2024-04-06
692,47.0,Masculino,94.1,Efectivo,8,2023-05-17
693,24.0,Masculino,149.77,Transferencia,8,2022-04-24
694,41.0,Femenino,112.75,Tarjeta,10,2023-11-08
695,41.0,Masculino,94.03,Tarjeta,9,2023-04-03
696,32.0,Masculino,172.85,Transferencia,8,2022-05-30
697,38.0,Masculino,176.78,Transferencia,3,2023-05-22
698,22.0,Otro,95.98,Transferencia,9,2022-02-14
699,44.0,Masculino,45.34,Transferencia,10,2024-02-20
700,33.0,Otro,160.3,Transferencia,6,2022-06-15
701,30.0,Otro,92.61,Efectivo,6,2022-04-01
702,45.0,Masculino,151.63,Efectivo,6,2023-12-12
703,28.0,Otro,41.2,Tarjeta,7,2023-11-29
704,21.0,Masculino,155.7,Efectivo,11,2023-09-04
705,19.0,Femenino,71.55,Efectivo,7,2022-10-20
706,41.0,Femenino,149.23,Efectivo,8,2022-12-29
707,22.0,Femenino,120.57,Transferencia,7,2022-11-09
708,53.0,Femenino,81.84,Tarjeta,9,2023-05-16
709,14.0,Otro,103.72,Tarjeta,3,2022-10-10
710,52.0,Masculino,147.45,Tarjeta,4,2022-07-31
711,37.0,Masculino,124.24,Tarjeta,14,2022-12-30
712,34.0,Masculino,143.38,Efectivo,12,2024-03-14
713,30.0,Femenino,199.06,Efectivo,12,2023-08-19
714,39.0,Femenino,57.43,Transferencia,4,2024-07-21
715,35.0,Masculino,184.69,Tarjeta,9,2022-12-17
716,46.0,Femenino,124.17,Efectivo,9,2023-09-07
717,36.0,Masculino,84.05,Efectivo,9,2022-02-09
718,37.0,Masculino,66.79,Transferencia,5,2023-09-01
719,31.0,Masculino,112.44,Transferencia,12,2024-04-08
720,34.0,Masculino,156.87,Transferencia,11,2022-02-27
721,38.0,Masculino,114.9,Efectivo,3,2023-05-19
722,18.0,Masculino,180.45,Efectivo,1,2023-03-28
723,22.0,Masculino,61.95,Transferencia,9,2022-06-02
724,42.0,Femenino,119.52,Tarjeta,9,2022-07-14
725,37.0,Masculino,69.9,Transferencia,6,2022-03-31
726,33.0,Masculino,134.55,Transferencia,12,2024-08-08
727,35.0,Femenino,155.48,Transferencia,10,2022-05-03
728,38.0,Femenino,103.17,Transferencia,8,2023-10-13
729,30.0,Femenino,15.83,Efectivo,8,2024-06-12
730,27.0,Masculino,127.96,Tarjeta,7,2023-12-10
731,37.0,Otro,137.47,Transferencia,10,2023-08-11
732,25.0,Otro,136.17,Tarjeta,11,2022-01-14
733,39.0,Femenino,169.43,Tarjeta,7,2023-04-30
734,18.0,Otro,77.16,Tarjeta,8,2023-03-18
735,45.0,Femenino,147.21,Transferencia,13,2023-04-14
736,40.0,Masculino,167.7,Efectivo,9,2022-10-07
737,38.0,Otro,48.86,Transferencia,2,2023-06-01
738,,Masculino,,,6,2024-04-21
739,52.0,Otro,99.83,Tarjeta,3,2024-04-12
740,45.0,Masculino,116.74,Efectivo,5,2023-03-22
741,,Otro,,,12,2023-08-27
742,22.0,Masculino,100.51,Tarjeta,7,2023-12-20
743,29.0,Masculino,92.97,Efectivo,8,2024-01-31
744,35.0,Otro,121.37,Tarjeta,5,2023-10-01
745,40.0,Masculino,76.51,Efectivo,9,2024-04-21
746,28.0,Masculino,76.57,Efectivo,8,2023-12-09
747,37.0,Masculino,147.17,Transferencia,11,2022-11-12
748,27.0,Otro,74.05,Tarjeta,5,2023-05-08
749,29.0,Otro,146.65,Transferencia,7,2022-06-16
750,21.0,Masculino,138.5,Tarjeta,7,2024-05-01
751,26.0,Masculino,50.97,Transferencia,3,2023-09-02
752,21.0,Otro,92.9,Tarjeta,10,2022-12-28
753,25.0,Otro,167.76,Transferencia,7,2023-04-03
754,46.0,Masculino,80.75,Efectivo,5,2022-12-27
755,26.0,Masculino,101.42,Tarjeta,7,2023-10-23
756,61.0,Masculino,138.48,Tarjeta,5,2024-04-10
757,40.0,Femenino,151.34,Efectivo,7,2023-08-20
758,37.0,Otro,109.94,Transferencia,11,2024-06-26
759,26.0,Femenino,96.1,Tarjeta,4,2023-03-04
760,42.0,Otro,176.89,Tarjeta,10,2022-12-23
761,29.0,Otro,189.56,Transferencia,9,2023-07-07
762,,Otro,,,10,2023-09-15
763,61.0,Otro,123.41,Transferencia,10,2023-07-26
764,34.0,Otro,87.67,Transferencia,7,2022-06-05
765,46.0,Otro,86.78,Transferencia,5,2023-09-13
766,28.0,Otro,140.9,Tarjeta,7,2023-07-23
767,35.0,Femenino,136.74,Efectivo,5,2024-02-06
768,53.0,Masculino,176.06,Efectivo,3,2022-12-18
769,29.0,Masculino,146.02,Transferencia,3,2022-11-25
770,53.0,Femenino,59.88,Tarjeta,9,2024-09-14
771,42.0,Femenino,162.08,Transferencia,10,2024-02-11
772,29.0,Femenino,80.08,Tarjeta,8,2022-04-24
773,41.0,Femenino,104.64,Tarjeta,6,2024-02-09
774,45.0,Otro,130.01,Tarjeta,5,2022-06-10
775,41.0,Masculino,199.83,Tarjeta,7,2022-04-23
776,19.0,Otro,244.4,Efectivo,7,2024-04-11
777,28.0,Masculino,144.27,Tarjeta,8,2024-06-23
778,33.0,Masculino,112.67,Tarjeta,9,2024-06-08
779,34.0,Femenino,141.38,Transferencia,11,2024-03-02
780,41.0,Otro,155.51,Transferencia,6,2023-10-18
781,37.0,Femenino,107.17,Efectivo,8,2024-02-17
782,22.0,Otro,191.81,Transferencia,9,2023-05-12
783,39.0,Masculino,129.2,Tarjeta,7,2023-07-07
784,41.0,Femenino,139.91,Transferencia,6,2024-03-09
785,41.0,Femenino,146.64,Efectivo,8,2024-05-11
786,46.0,Masculino,136.86,Transferencia,9,2024-05-09
787,43.0,Masculino,153.56,Transferencia,8,2024-08-06
788,40.0,Masculino,95.31,Efectivo,13,2023-04-04
789,34.0,Femenino,97.67,Efectivo,9,2023-09-13
790,18.0,Otro,75.99,Tarjeta,9,2023-06-22
791,39.0,Femenino,137.58,Transferencia,11,2024-07-24
792,37.0,Otro,151.16,Tarjeta,7,2024-08-16
793,38.0,Femenino,138.31,Transferencia,7,2022-04-17
794,22.0,Femenino,186.98,Transferencia,6,2024-05-24
795,24.0,Masculino,119.78,Tarjeta,6,2024-07-29
796,46.0,Otro,146.75,Transferencia,12,2024-06-14
797,35.0,Femenino,76.33,Transferencia,8,2024-04-17
798,42.0,Femenino,104.52,Transferencia,8,2024-02-19
799,35.0,Masculino,147.82,Efectivo,3,2023-07-12
800,35.0,Masculino,153.96,Tarjeta,11,2022-11-20
801,44.0,Otro,108.24,Efectivo,9,2022-02-22
802,30.0,Femenino,117.14,Tarjeta,12,2023-08-17
803,36.0,Otro,59.29,Tarjeta,8,2024-07-04
804,30.0,Femenino,105.72,Transferencia,5,2024-02-21
805,31.0,Otro,155.62,Tarjeta,6,2023-01-03
806,32.0,Masculino,143.01,Efectivo,5,2023-10-19
807,37.0,Femenino,140.03,Efectivo,7,2022-02-16
808,30.0,Otro,121.99,Efectivo,10,2022-07-25
809,48.0,Masculino,120.28,Tarjeta,6,2023-03-11
810,26.0,Masculino,93.59,Efectivo,6,2023-08-13
811,33.0,Otro,147.95,Tarjeta,8,2022-05-12
812,,Femenino,,,7,2022-06-07
813,49.0,Femenino,139.68,Efectivo,9,2022-03-30
814,37.0,Masculino,98.96,Tarjeta,3,2022-03-14
815,45.0,Femenino,33.87,Efectivo,7,2022-04-18
816,20.0,Femenino,163.89,Transferencia,11,2022-07-11
817,38.0,Femenino,100.85,Tarjeta,13,2022-02-28
818,44.0,Masculino,85.49,Tarjeta,6,2024-06-29
819,36.0,Otro,147.74,Tarjeta,4,2022-08-12
820,46.0,Femenino,104.32,Transferencia,9,2022-05-07
821,30.0,Masculino,162.4,Tarjeta,5,2022-06-13
822,49.0,Masculino,144.68,Efectivo,7,2023-10-23
823,58.0,Otro,147.34,Efectivo,7,2023-09-21
824,31.0,Femenino,65.36,Efectivo,11,2022-12-29
825,31.0,Femenino,168.48,Tarjeta,8,2024-04-13
826,50.0,Otro,130.45,Efectivo,6,2022-02-03
827,51.0,Otro,105.23,Tarjeta,7,2022-11-20
828,30.0,Masculino,125.74,Efectivo,5,2024-08-24
829,31.0,Masculino,48.95,Transferencia,5,2022-05-27
830,32.0,Otro,136.35,Transferencia,7,2022-06-11
831,22.0,Femenino,78.83,Transferencia,6,2024-02-23
832,26.0,Masculino,65.89,Transferencia,10,2024-02-29
833,25.0,Masculino,59.11,Tarjeta,8,2024-04-28
834,27.0,Femenino,164.51,Efectivo,10,2023-02-13
835,35.0,Masculino,94.83,Transferencia,5,2023-12-21
836,37.0,Femenino,181.35,Tarjeta,7,2023-12-05
837,51.0,Femenino,98.57,Transferencia,9,2022-06-17
838,,Femenino,,,5,2022-03-14
839,45.0,Otro,75.34,Tarjeta,9,2024-08-08
840,33.0,Otro,169.43,Tarjeta,7,2022-05-17
841,35.0,Otro,113.76,Efectivo,6,2023-01-09
842,42.0,Femenino,98.07,Efectivo,12,2023-03-02
843,24.0,Femenino,126.4,Transferencia,11,2023-06-11
844,39.0,Otro,140.07,Transferencia,5,2024-09-21
845,37.0,Masculino,164.7,Efectivo,5,2024-01-22
846,40.0,Femenino,177.94,Efectivo,5,2023-04-12
847,38.0,Masculino,105.61,Tarjeta,8,2023-04-02
848,60.0,Masculino,66.96,Efectivo,5,2023-03-19
849,29.0,Femenino,103.46,Efectivo,10,2023-03-24
850,30.0,Femenino,130.41,Transferencia,12,2024-04-21
851,29.0,Masculino,81.45,Efectivo,7,2023-04-18
852,29.0,Masculino,81.71,Transferencia,8,2022-07-11
853,29.0,Otro,133.75,Efectivo,11,2023-11-12
854,47.0,Otro,118.05,Tarjeta,10,2023-02-11
855,49.0,Femenino,121.31,Efectivo,8,2022-11-27
856,29.0,Otro,89.66,Efectivo,11,2024-05-08
857,27.0,Otro,110.78,Efectivo,9,2023-03-16
858,40.0,Otro,83.03,Transferencia,11,2022-11-19
859,29.0,Otro,155.61,Tarjeta,10,2022-03-05
860,120.0,Masculino,,,5,2022-11-26
861,37.0,Femenino,46.15,Transferencia,13,2022-07-21
862,20.0,Otro,82.82,Tarjeta,6,2024-08-08
863,50.0,Masculino,60.14,Transferencia,9,2022-01-26
864,53.0,Masculino,94.0,Transferencia,4,2023-02-02
865,29.0,Masculino,116.66,Tarjeta,10,2022-07-08
866,31.0,Otro,62.01,Efectivo,5,2022-08-01
867,38.0,Otro,83.13,Transferencia,9,2024-05-01
868,38.0,Femenino,79.84,Transferencia,7,2022-05-09
869,42.0,Otro,128.29,Efectivo,11,2022-05-05
870,55.0,Otro,122.77,Efectivo,7,2022-05-04
871,33.0,Masculino,91.13,Tarjeta,6,2022-08-01
872,27.0,Femenino,127.07,Tarjeta,12,2023-05-16
873,21.0,Otro,98.13,Tarjeta,9,2024-06-14
874,28.0,Otro,109.13,Efectivo,7,2022-09-28
875,35.0,Masculino,186.94,Transferencia,8,2023-06-18
876,53.0,Masculino,173.62,Transferencia,7,2023-05-07
877,30.0,Otro,68.02,Tarjeta,8,2022-06-08
878,37.0,Femenino,153.19,Efectivo,8,2023-12-12
879,35.0,Femenino,152.46,Transferencia,5,2022-12-10
880,47.0,Masculino,74.07,Tarjeta,6,2024-07-03
881,60.0,Masculino,152.75,Transferencia,7,2022-01-09
882,30.0,Otro,181.52,Transferencia,9,2024-06-12
883,30.0,Masculino,75.1,Efectivo,4,2023-11-06
884,,Otro,,,8,2022-11-13
885,42.0,Femenino,160.71,Transferencia,5,2022-02-06
886,53.0,Femenino,130.86,Tarjeta,11,2024-01-05
887,41.0,Otro,142.06,Efectivo,8,2023-08-13
888,31.0,Masculino,133.62,Transferencia,6,2024-01-05
889,41.0,Femenino,135.63,Efectivo,10,2023-10-16
890,46.0,Masculino,66.94,Efectivo,10,2023-12-26
891,43.0,Femenino,161.89,Efectivo,4,2024-02-24
892,40.0,Otro,166.78,Transferencia,13,2022-08-31
893,46.0,Otro,110.82,Tarjeta,11,2023-04-11
894,47.0,Otro,118.26,Tarjeta,12,2023-01-05
895,49.0,Femenino,58.76,Tarjeta,7,2022-12-12
896,41.0,Masculino,140.57,Efectivo,12,2023-07-24
897,33.0,Masculino,142.88,Transferencia,9,2024-05-05
898,36.0,Masculino,117.51,Efectivo,18,2022-07-10
899,47.0,Femenino,164.97,Tarjeta,5,2023-06-28
900,,Femenino,,,5,2022-09-27
901,39.0,Femenino,142.58,Transferencia,10,2023-09-12
902,,Femenino,,,10,2024-03-30
903,,Femenino,,,10,2024-06-12
904,48.0,Masculino,113.03,Transferencia,6,2024-07-12
905,37.0,Femenino,129.01,Efectivo,9,2022-12-12
906,35.0,Femenino,105.22,Efectivo,11,2022-08-17
907,21.0,Masculino,114.74,Tarjeta,4,2023-12-31
908,42.0,Femenino,153.04,Tarjeta,3,2022-06-23
909,41.0,Masculino,102.53,Efectivo,6,2024-08-23
910,57.0,Masculino,55.74,Efectivo,9,2022-04-06
911,32.0,Otro,189.98,Tarjeta,10,2022-03-12
912,37.0,Otro,175.26,Efectivo,7,2022-12-03
913,37.0,Otro,68.31,Tarjeta,5,2023-04-04
914,51.0,Otro,147.59,Efectivo,9,2023-09-12
915,34.0,Femenino,99.88,Tarjeta,9,2024-07-29
916,38.0,Otro,130.54,Transferencia,11,2023-02-11
917,41.0,Masculino,131.77,Tarjeta,7,2022-09-28
918,37.0,Femenino,110.62,Tarjeta,8,2022-12-27
919,31.0,Otro,88.65,Transferencia,12,2024-04-29
920,37.0,Masculino,92.38,Efectivo,4,2024-06-17
921,46.0,Femenino,83.35,Transferencia,4,2023-04-02
922,25.0,Femenino,86.73,Tarjeta,10,2022-06-12
923,36.0,Otro,117.31,Efectivo,7,2023-09-10
924,28.0,Femenino,91.37,Transferencia,9,2023-05-04
925,,Masculino,,,5,2022-09-03
926,20.0,Femenino,179.49,Efectivo,13,2022-11-10
927,29.0,Masculino,96.8,Transferencia,10,2022-06-27
928,39.0,Femenino,129.58,Efectivo,9,2024-05-03
929,51.0,Otro,139.99,Transferencia,8,2024-03-12
930,34.0,Masculino,138.88,Tarjeta,10,2022-06-01
931,29.0,Femenino,123.04,Efectivo,9,2022-12-30
932,54.0,Femenino,149.71,Tarjeta,5,2024-02-24
933,21.0,Femenino,139.29,Tarjeta,13,2024-02-07
934,13.0,Masculino,70.49,Efectivo,5,2023-10-19
935,39.0,Masculino,154.77,Transferencia,21,2024-08-11
936,30.0,Masculino,155.49,Efectivo,3,2024-07-12
937,25.0,Otro,89.47,Tarjeta,5,2022-09-25
938,42.0,Otro,121.52,Tarjeta,7,2023-11-09
939,,Masculino,,,6,2022-01-23
940,29.0,Femenino,111.63,Efectivo,6,2022-03-25
941,22.0,Otro,162.92,Tarjeta,5,2022-10-31
942,44.0,Masculino,214.55,Tarjeta,5,2023-05-22
943,42.0,Femenino,88.56,Tarjeta,7,2024-07-31
944,34.0,Otro,64.76,Transferencia,7,2023-01-31
945,53.0,Femenino,132.15,Tarjeta,14,2022-11-13
946,24.0,Femenino,148.86,Tarjeta,11,2022-09-10
947,20.0,Femenino,110.77,Efectivo,7,2023-10-04
948,,Femenino,,,7,2023-11-22
949,35.0,Otro,66.46,Tarjeta,6,2023-06-12
950,37.0,Otro,147.72,Tarjeta,6,2023-04-14
951,33.0,Otro,95.77,Efectivo,8,2023-12-23
952,39.0,Masculino,188.78,Transferencia,6,2023-06-01
953,22.0,Otro,199.7,Transferencia,60,2022-09-26
954,49.0,Femenino,89.33,Transferencia,6,2022-09-28
955,34.0,Otro,98.02,Transferencia,13,2022-09-01
956,46.0,Femenino,154.38,Transferencia,5,2023-10-21
957,38.0,Masculino,104.51,Transferencia,11,2024-08-12
958,40.0,Femenino,118.18,Transferencia,7,2023-04-04
959,41.0,Femenino,121.02,Transferencia,7,2024-05-11
960,39.0,Femenino,43.21,Efectivo,1,2023-03-10
961,41.0,Masculino,119.45,Transferencia,14,2024-06-26
962,48.0,Otro,92.41,Transferencia,3,2023-07-11
963,37.0,Otro,100.28,Transferencia,7,2023-03-01
964,42.0,Masculino,177.75,Tarjeta,7,2024-08-06
965,34.0,Femenino,69.74,Efectivo,14,2024-09-24
966,49.0,Otro,152.53,Efectivo,9,2022-12-25
967,28.0,Masculino,108.84,Efectivo,6,2023-10-17
968,53.0,Otro,108.81,Transferencia,7,2023-10-24
969,35.0,Masculino,151.61,Transferencia,10,2023-06-06
970,21.0,Femenino,133.6,Tarjeta,8,2024-02-16
971,36.0,Otro,142.82,Efectivo,9,2023-06-17
972,28.0,Masculino,158.73,Transferencia,12,2023-09-28
973,43.0,Otro,106.75,Efectivo,9,2022-11-02
974,,Otro,,,6,2022-06-07
975,,Otro,,,10,2023-09-17
976,16.0,Otro,86.98,Tarjeta,11,2022-05-23
977,30.0,Masculino,237.96,Efectivo,4,2024-03-16
978,11.0,Femenino,169.79,Transferencia,5,2023-12-06
979,19.0,Masculino,65.96,Transferencia,9,2023-04-23
980,43.0,Masculino,67.1,Tarjeta,9,2023-05-01
981,43.0,Masculino,139.27,Transferencia,8,2022-07-15
982,39.0,Femenino,141.89,Tarjeta,11,2022-09-21
983,25.0,Otro,141.96,Efectivo,6,2022-08-30
984,35.0,Otro,109.8,Tarjeta,6,2024-03-29
985,35.0,Otro,114.98,Efectivo,6,2022-07-10
986,23.0,Femenino,133.12,Tarjeta,5,2023-09-05
987,,Otro,,,14,2023-10-09
988,44.0,Femenino,31.23,Transferencia,10,2022-09-11
989,33.0,Otro,110.81,Tarjeta,9,2023-09-24
990,35.0,Otro,85.94,Transferencia,7,2022-07-10
991,37.0,Masculino,127.01,Transferencia,5,2023-03-17
992,15.0,Femenino,239.41,Transferencia,7,2024-02-02
993,33.0,Masculino,134.7,Efectivo,7,2023-02-03
994,28.0,Masculino,107.46,Transferencia,4,2023-04-29
995,25.0,Masculino,156.87,Efectivo,6,2022-08-27
996,32.0,Femenino,139.31,Tarjeta,8,2022-07-03
997,53.0,Femenino,136.8,Transferencia,6,2022-02-09
998,41.0,Otro,144.27,Transferencia,6,2023-12-06
999,29.0,Masculino,202.26,Transferencia,12,2024-02-12
1000,41.0,Otro,74.76,Tarjeta,8,2024-04-24
